STUDNET_ID,FIRST_NAME,LAST_NAME,AGE,EMAIL_ADDRESS,ENROLLED_FLAG
11,Chester,Thaine,90,CTHAINE0@NYDAILYNEWS.COM,0
12,Noel,Thies,74,NTHIES1@HHS.GOV,1
13,Fayina,Chesterman,44,FCHESTERMAN2@UN.ORG,1
14,Keri,Boseley,37,KBOSELEY3@UCSD.EDU,0
15,Bonni,Bennington,86,BBENNINGTON4@AMAZON.CO.UK,0
16,Terrye,Di Baudi,13,TDIBAUDI5@DMOZ.ORG,1
17,Stefano,Patis,58,SPATIS6@CREATIVECOMMONS.ORG,0
18,Emmie,Niesegen,87,ENIESEGEN7@BLOGLINES.COM,0
19,Florella,Mabb,57,FMABB8@1688.COM,0
20,Stanleigh,Rooze,73,SROOZE9@HOMESTEAD.COM,0
21,Mureil,Vinck,40,MVINCKA@SPHINN.COM,0
22,Margalo,Gittoes,34,MGITTOESB@STATE.TX.US,0
23,Angel,Meier,24,AMEIERC@COM.COM,1
24,Nat,Yarnell,84,NYARNELLD@HOSTGATOR.COM,0
25,Johannes,Couser,7,JCOUSERE@SQUARESPACE.COM,0
26,Lamar,Trivett,97,LTRIVETTF@BLOGLINES.COM,1
27,Bertrando,O'Lunny,23,BOLUNNYG@COCOLOG-NIFTY.COM,1
28,Kali,Braithwaite,16,KBRAITHWAITEH@USA.GOV,0
29,Udale,Symonds,56,USYMONDSI@HISTATS.COM,1
30,Erna,Drivers,89,EDRIVERSJ@CARGOCOLLECTIVE.COM,0
31,Albrecht,Reubbens,50,AREUBBENSK@COMSENZ.COM,1
32,Merrielle,Olner,1,MOLNERL@ANSWERS.COM,1
33,Juli,Pierson,53,JPIERSONM@LIVEJOURNAL.COM,0
34,Silvanus,Giuron,1,SGIURONN@MOZILLA.ORG,0
35,Nessy,Winmill,75,NWINMILLO@SOUNDCLOUD.COM,1
36,Ashien,Covill,30,ACOVILLP@FASTCOMPANY.COM,1
37,Ardelia,Mabb,84,AMABBQ@BERKELEY.EDU,1
38,Amandi,Klainman,39,AKLAINMANR@SYMANTEC.COM,1
39,Keriann,Syde,44,KSYDES@MIITBEIAN.GOV.CN,0
40,Rutter,Sheardown,10,RSHEARDOWNT@HOME.PL,1
41,Ines,Spadoni,35,ISPADONIU@IBM.COM,0
42,Nady,Criag,11,NCRIAGV@ODNOKLASSNIKI.RU,1
43,Tabina,Oakey,77,TOAKEYW@LIVEINTERNET.RU,1
44,Darwin,Williscroft,68,DWILLISCROFTX@USA.GOV,0
45,Orran,Caney,72,OCANEYY@ADDTHIS.COM,1
46,Warren,Kampshell,53,WKAMPSHELLZ@OPERA.COM,0
47,Darbee,Dilon,16,DDILON10@CBSNEWS.COM,0
48,Marcella,Ganforthe,40,MGANFORTHE11@CBSNEWS.COM,1
49,Kassia,Mitchell,84,KMITCHELL12@BOSTON.COM,0
50,Eimile,Pawlicki,50,EPAWLICKI13@GOO.GL,0
51,Theo,Makeswell,16,TMAKESWELL14@EXAMINER.COM,0
52,Farr,Trytsman,89,FTRYTSMAN15@ALTERVISTA.ORG,0
53,Ranice,Yu,53,RYU16@DIIGO.COM,0
54,Krystle,Cristoforetti,10,KCRISTOFORETTI17@UNICEF.ORG,0
55,Filia,Buston,24,FBUSTON18@USATODAY.COM,1
56,Minnaminnie,Curedale,98,MCUREDALE19@SOGOU.COM,0
57,Laural,Chazelas,56,LCHAZELAS1A@CSMONITOR.COM,1
58,Murray,Gillbey,82,MGILLBEY1B@TWITTER.COM,1
59,Deonne,Husselbee,89,DHUSSELBEE1C@HUBPAGES.COM,1
60,Suzi,Tease,82,STEASE1D@SHUTTERFLY.COM,0
